KG,WIEK,zgon,Interleukina 6,Prokalcytonina,MAP 1sza doba,pao2/fio2 1sza doba,Glukoza (1. gaz. 1sza doba),Lac (1. gaz. 1sza doba),BE (1. gaz. 1sza doba),LA (1. gaz. 1 sza doba),SOFA - punktacja,temperatura ciała przy przyjęciu (TISS nr 1),sodium chloride difference tiss 1,sodium chloride difference tiss 2,sodium chloride difference tiss 3,akcja serca przyjęcie (TISS nr 1)
76883,47,0,150.0,0.15,76.66666666666667,268.0,8.2,2.9,2.7,4.4,6,36.5,32,32,39,95
15561,30,0,0.0,0.92,86.66666666666667,350.0,7.7,1.1,-2.4,6.7,2,38.4,29,35,38,120
75094,77,1,430.5,0.18,61.666666666666664,516.25,14.8,10.4,-24.9,24.4,13,36.3,30,0,0,100
32504,32,0,38.9,0.06,95.0,626.6666666666667,10.7,2.0,-4.2,11.3,7,36.7,32,33,33,95
75261,53,0,153.1,0.18,106.66666666666667,86.2,16.3,1.3,-1.1,3.2,7,37.2,31,31,38,70
32157,56,1,1984.0,13.95,40.0,65.33333333333334,3.6,10.1,-10.9,20.5,17,35.9,37,33,35,100
57904,39,0,103.0,8.0,70.0,116.0,5.0,1.8,0.3,7.6,7,36.4,33,26,39,105
16870,68,1,417.3,1.09,86.66666666666667,110.0,12.9,1.5,3.2,8.2,10,36.0,36,36,39,130
74391,71,1,1354.0,0.91,93.33333333333333,183.0,8.7,3.2,-5.4,8.2,11,36.5,29,31,35,120
22923,72,0,0.0,0.06,63.333333333333336,178.88888888888889,8.6,2.7,-4.6,10.5,10,35.7,32,32,27,50
34561,69,1,6363.0,0.85,70.0,465.0,11.5,4.6,-5.2,8.4,15,36.0,27,0,0,90
46868,64,1,214.5,1.19,56.666666666666664,83.3,10.1,1.9,-10.2,12.8,10,36.6,29,31,35,70
54749,49,1,9936.0,2.15,41.666666666666664,255.55555555555554,7.7,1.2,-3.5,10.3,14,38.4,31,32,30,100
56557,52,0,0.0,1.3,63.333333333333336,206.66666666666669,7.6,1.8,2.9,5.4,8,36.4,31,34,42,85
42164,74,1,1999.0,13.1,76.66666666666667,78.6,7.3,1.4,-10.1,13.5,15,36.5,30,32,39,125
27469,51,1,0.0,1.08,113.33333333333333,125.0,11.8,0.9,-12.8,13.8,18,36.2,27,30,25,95
92839,68,0,0.0,0.02,96.66666666666667,87.15789473684211,15.1,1.1,6.4,16.8,3,36.0,35,30,32,70
44654,70,1,48.2,1.46,80.0,641.3793103448277,8.6,1.5,-0.1,10.4,10,36.2,35,39,39,130
112508,70,1,0.0,7.25,60.0,335.0,12.6,4.8,-10.4,8.3,12,36.0,25,25,0,150
91285,68,0,30934.0,32.4,75.0,31.0,7.2,5.4,-10.1,14.0,9,36.2,29,34,33,80
7741,71,0,0.0,0.57,66.66666666666667,317.5,18.8,2.1,-14.6,14.1,11,36.4,27,24,23,58
79564,79,1,0.0,42.2,80.0,302.0,4.1,4.4,-14.8,13.1,15,36.2,26,32,0,120
80049,27,0,12.3,0.34,56.666666666666664,270.0,8.9,0.6,7.8,10.8,11,36.1,28,31,32,72
19,76,0,103.0,141.54,93.33333333333333,206.75,4.8,1.7,18.8,9.6,14,36.4,27,29,28,70
60477,71,0,1031.0,4.07,133.33333333333334,60.22222222222222,13.0,2.2,-5.3,9.5,2,36.8,27,30,28,90
5125,70,0,177.0,0.5,60.0,55.1,14.0,9.7,-11.7,14.6,12,36.3,31,35,43,40
11020,50,0,608.2,0.47,106.66666666666667,0.0,0.0,3.4,-14.8,22.9,0,36.4,34,33,34,130
38498,85,1,449.7,0.78,100.0,0.0,13.7,5.6,-8.2,14.5,0,36.4,35,34,0,90
81698,68,1,908.8,0.53,86.66666666666667,212.5,7.9,1.4,-4.8,5.8,15,35.7,29,27,0,80
72490,69,1,0.0,0.77,56.666666666666664,123.0,3.9,22.0,-20.0,24.3,15,36.0,34,0,0,100
69678,43,0,0.0,0.27,83.33333333333333,520.0,11.0,1.0,-4.9,10.0,7,36.2,30,31,30,60
65446,69,1,0.0,0.53,83.33333333333333,257.7142857142857,9.2,2.6,1.4,11.5,10,36.2,37,29,39,120
29628,47,1,263.0,9.23,80.0,292.5,6.0,1.4,-7.9,11.3,14,36.0,30,27,34,120
76382,79,0,832.0,1.33,70.0,166.2222222222222,9.7,2.3,3.2,3.0,0,36.2,30,32,37,155
68960,68,1,234.8,1.05,90.0,67.0,6.5,3.0,-1.1,8.1,18,36.4,32,35,35,80
38066,61,1,27.8,0.11,56.666666666666664,81.9,21.1,10.0,-15.1,18.5,13,36.4,33,34,0,120
13191,34,1,0.0,0.97,41.666666666666664,272.5,13.4,5.2,-8.9,13.7,11,36.4,31,28,0,60
57678,60,0,78.1,2.13,83.33333333333333,362.5,11.1,5.7,-7.0,16.9,8,36.4,35,33,33,70
13918,68,1,0.0,0.58,78.33333333333333,246.0,21.7,1.1,-6.9,12.3,11,36.3,33,0,0,105
3258,74,1,157.7,1.02,73.33333333333333,204.0,10.3,2.7,-13.0,15.3,10,36.0,30,29,0,80
45561,85,0,4171.0,1.36,93.33333333333333,340.0,8.7,2.9,-3.1,10.5,10,36.4,30,31,32,95
8894,74,0,45.17,0.06,40.0,192.00000000000003,11.2,1.5,-3.2,14.1,15,36.0,38,27,33,85
81492,65,0,1969.0,11.1,66.66666666666667,91.9,5.1,2.3,-1.5,9.4,15,36.3,33,30,27,70
71833,56,1,693188.0,8.98,56.666666666666664,272.5,3.1,13.5,-21.4,16.5,19,36.2,26,0,0,125
76316,64,1,1533.0,5.31,61.666666666666664,466.6666666666667,7.9,1.7,-14.4,9.8,12,36.1,23,28,34,95
78171,68,0,0.0,3.77,63.333333333333336,250.0,8.5,1.9,-5.2,7.4,11,36.2,28,29,31,145
37860,68,0,65.1,0.25,133.33333333333334,985.1851851851851,8.2,1.1,-4.6,10.4,10,36.4,30,28,27,100
50386,83,1,601.4,0.94,103.33333333333333,53.3,7.3,1.2,-10.9,19.1,15,36.8,35,32,31,65
23314,75,1,0.0,2.43,41.666666666666664,298.0,5.7,1.3,-6.9,12.7,11,36.4,30,31,32,65
48878,36,0,0.0,6.09,66.66666666666667,523.8095238095239,0.2,4.8,-10.2,14.8,3,37.1,28,30,30,110
82125,32,0,629.0,16.2,56.666666666666664,255.0,7.3,2.3,-0.5,21.9,13,39.6,45,35,0,160
2697,65,0,0.0,0.02,83.33333333333333,408.0,9.4,2.0,22.1,5.4,7,35.8,28,32,31,65
34459,79,1,422390.0,65.15,40.0,466.0,7.8,8.6,-14.0,15.5,12,38.6,28,0,0,130
56008,74,1,740.0,0.53,53.333333333333336,241.25,4.9,1.0,-2.9,11.6,11,36.0,36,30,31,90
37381,34,0,658.0,11.0,75.0,346.0,4.8,2.1,-1.8,9.0,9,36.1,33,32,33,60
25925,37,0,719.0,0.76,73.33333333333333,105.74999999999999,12.6,3.0,-6.6,11.0,11,36.4,31,31,37,120
6186,73,0,0.0,3.38,91.66666666666667,0.0,53.0,5.0,-25.9,26.3,0,36.0,30,40,41,73
2345,53,0,142.3,0.55,66.66666666666667,596.6666666666667,7.3,1.7,-3.0,10.3,8,36.0,33,30,35,70
72043,72,1,0.0,10.9,73.33333333333333,380.0,6.8,9.0,-12.3,14.9,10,36.4,30,31,0,70
10349,62,0,282.0,26.7,73.33333333333333,0.0,3.6,5.2,-12.1,9.4,0,36.4,24,40,37,120
13402,73,0,198.3,1.24,103.33333333333333,111.0,8.0,1.0,1.8,10.7,10,36.1,38,38,40,115
32338,65,1,0.0,100.0,83.33333333333333,156.6,5.4,4.3,-10.5,6.5,18,36.7,23,32,0,115
82545,40,1,319.0,2.95,56.666666666666664,48.77777777777777,7.8,8.2,-10.6,15.8,17,35.8,30,35,33,80
44170,56,0,232.7,0.83,65.0,671.7391304347826,27.6,5.9,-5.4,17.4,11,38.8,39,36,0,105
65727,69,1,16800.0,21.4,85.0,197.6,6.8,2.8,-9.7,6.8,13,36.4,23,27,34,0
12226,71,1,418.8,0.14,90.0,190.0,12.0,13.8,-13.5,23.1,16,36.4,38,44,38,85
35065,69,0,0.0,0.84,63.333333333333336,304.0,9.2,3.8,-7.4,12.4,7,36.2,32,35,34,110
86477,85,0,0.0,0.9,78.33333333333333,312.5,5.4,0.5,-4.6,6.3,3,36.2,29,30,29,95
41953,80,1,0.0,1.58,96.66666666666667,409.0,6.3,4.0,-5.8,8.5,7,36.9,27,33,31,145
28855,62,0,111.5,7.04,120.0,1430.0,7.2,2.4,-4.6,7.9,10,36.5,28,29,33,105
17618,55,0,118.6,16.91,100.0,124.16666666666667,0.8,7.9,-8.0,19.6,18,36.8,37,40,36,115
56592,74,0,65.9,0.9,90.0,305.0,11.0,2.1,-3.7,10.1,11,36.0,31,31,32,100
5818,62,1,8538.0,5.28,83.33333333333333,83.5,8.3,4.7,-8.0,10.1,18,36.2,28,26,31,105
36168,59,1,15743.0,80.8,70.0,0.0,4.4,3.6,-8.5,12.0,0,36.0,28,29,24,110
9588,86,1,0.0,5.34,80.0,86.16666666666667,3.8,6.3,-5.9,13.5,0,36.2,31,39,0,125
53808,68,0,862.0,42.9,53.333333333333336,228.0,5.0,3.0,-7.0,21.0,16,36.8,39,39,41,90
52619,75,1,8849.0,49.9,83.33333333333333,253.33333333333334,7.0,1.6,-7.0,15.0,14,36.4,35,34,35,135
4407,64,1,0.0,0.52,120.66666666666667,375.0,3.6,11.7,12.0,23.1,13,35.9,31,26,31,110
55295,53,1,318.0,0.88,85.0,432.5,8.0,1.4,-0.1,10.0,10,36.4,33,40,38,120
92162,54,0,0.0,0.05,108.33333333333333,240.0,9.8,7.6,-6.7,16.8,2,36.2,35,37,35,65
94073,81,0,0.0,1.75,65.0,291.33333333333337,12.1,3.7,14.6,10.6,13,36.3,49,51,38,100
68616,56,1,3570.0,0.04,56.666666666666664,85.3,31.0,7.2,-12.6,10.5,14,36.0,27,0,0,110
60949,35,1,124.0,0.05,93.33333333333333,305.0,7.3,2.7,-2.1,12.3,5,36.6,35,38,37,70
8671,85,1,0.0,31.55,26.666666666666668,772.5,5.5,3.1,18.6,12.8,11,35.6,31,34,25,115
75780,52,1,110.0,1.91,90.0,157.14285714285714,13.3,0.9,3.7,5.3,7,36.3,35,33,30,85
56429,54,1,1898.0,42.6,73.33333333333333,425.23809523809524,10.4,3.4,-4.9,12.1,10,37.6,31,35,35,120
27185,80,1,18788.0,94.0,33.333333333333336,0.0,11.1,9.2,-19.0,27.4,0,36.0,35,0,0,50
43513,84,0,0.0,3.11,66.66666666666667,370.952380952381,7.5,1.8,-8.2,0.0,8,36.8,31,32,34,87
39589,78,1,15964.0,12.56,53.333333333333336,225.0,7.5,6.9,-15.6,14.4,12,35.8,28,29,37,50
57327,82,0,430.0,1.64,73.33333333333333,198.33333333333334,7.1,1.7,2.3,10.0,13,36.2,38,38,41,100
72901,70,0,54.04,18.34,60.0,343.5294117647059,10.5,1.1,-6.0,9.4,10,36.0,31,29,25,75
47362,65,0,65.67,0.16,70.0,55.4,6.9,1.4,-0.4,12.1,11,36.2,37,36,40,50
59440,79,1,34.0,0.29,88.33333333333333,147.14285714285714,6.1,1.1,-2.1,1.9,8,36.7,22,30,31,85
56656,54,0,3.14,1.2,73.33333333333333,74.9,10.2,2.0,-13.1,16.6,13,36.1,32,36,43,100
65333,70,0,77.49,0.13,83.33333333333333,0.0,11.7,1.2,-6.4,10.3,0,37.7,30,28,32,110
53836,71,1,0.0,61.2,53.333333333333336,0.0,7.0,10.0,-6.8,17.2,0,36.0,34,32,36,85
51068,72,0,14.6,0.08,116.66666666666667,162.85714285714286,7.7,0.7,0.8,7.4,0,36.4,34,35,35,70
82639,68,1,8941.0,100.0,23.333333333333332,60.25,5.1,3.1,-9.3,10.7,17,36.2,28,23,0,130
11165,57,1,0.0,0.0,20.0,1390.0,4.9,0.8,-9.3,17.4,0,36.0,33,34,33,80
7319,50,1,10976.0,68.44,43.333333333333336,280.0,11.4,7.6,-9.7,17.3,13,36.0,34,23,32,95
4227,65,1,291.0,0.7,70.0,39.15789473684211,18.3,10.8,-15.0,0.0,13,36.9,34,30,33,110
8526,69,0,1267.0,93.1,63.333333333333336,376.0,12.4,1.6,-3.7,13.7,15,36.0,35,40,40,80
109289,62,1,0.0,19.8,73.33333333333333,312.8205128205128,4.5,10.9,-22.5,19.0,12,36.8,25,0,0,125
8663,85,1,0.0,0.8,43.333333333333336,110.5,2.9,9.9,-14.6,19.3,15,36.1,32,42,48,55
68702,30,0,0.0,1.53,86.66666666666667,328.5714285714286,8.0,1.0,2.0,6.6,8,36.3,33,34,31,75
70933,53,0,0.0,340.32,28.333333333333332,168.57142857142858,23.7,4.5,-9.0,12.2,13,36.0,30,34,31,95
38263,63,1,9631.0,47.3,46.666666666666664,224.0,9.5,8.8,-13.2,19.6,15,36.2,34,30,0,100
19460,38,1,109.5,13.8,86.66666666666667,447.0,7.8,3.2,-6.4,11.4,9,36.4,28,0,27,110
10208,74,0,0.0,0.4,70.0,302.5,9.3,1.2,-9.2,12.5,10,35.8,29,33,33,77
72047,50,0,0.0,1.07,83.33333333333333,165.0,9.6,1.3,-10.5,17.1,14,35.6,32,37,30,130
40509,81,1,79826.0,19.3,90.0,242.22222222222223,7.8,3.7,-4.8,9.2,13,36.2,31,31,31,125
52272,79,1,5000.0,52.0,43.333333333333336,111.25,5.9,6.9,-10.0,12.0,16,36.0,28,30,26,100
44732,70,1,220.0,1.67,96.66666666666667,182.4,6.1,3.7,-6.4,12.3,17,35.5,32,28,30,85
71864,50,0,18.3,3.76,76.66666666666667,108.42105263157896,8.4,1.8,2.8,7.1,7,36.2,34,36,39,75
5469,85,0,266.2,8.2,75.0,213.75,10.7,1.5,19.8,8.4,9,36.4,27,30,30,95
30228,49,0,46.8,0.66,50.0,154.16666666666669,6.4,4.6,-0.1,10.4,13,36.0,34,40,38,70
62807,70,1,112885.0,20.0,83.33333333333333,0.0,2.9,1.1,-10.0,10.6,0,36.6,26,25,38,80
31382,29,0,494.6,2.45,86.66666666666667,693.3333333333334,9.7,2.3,-9.4,15.6,10,36.0,33,37,40,110
7700,88,1,0.0,15.46,86.66666666666667,0.7609999999999999,6.1,4.6,-3.2,9.1,15,36.2,30,35,35,90
63657,50,1,1406.0,32.2,126.66666666666667,43.3,12.1,3.8,-6.1,14.5,13,37.0,34,33,31,150
2800,79,1,236.3,0.54,96.66666666666667,59.1,9.6,7.0,-5.3,21.8,14,0.0,43,39,36,75
19171,60,1,0.0,48.2,66.66666666666667,212.0,11.0,11.0,-12.2,20.8,0,36.1,36,0,0,110
11579,90,0,0.0,64.8,63.333333333333336,122.5,7.5,0.9,-5.6,0.0,13,37.0,31,26,29,130
9185,58,0,1.5,13.82,95.0,447.0,8.3,1.1,22.1,7.2,3,36.2,31,36,36,66
2859,69,0,242.0,0.69,60.0,119.16666666666667,9.5,1.0,3.4,6.8,11,36.0,38,40,43,65
56381,62,0,1097.0,3.89,86.66666666666667,148.0,7.1,1.9,-5.3,14.0,14,36.6,34,36,34,110
7568,73,1,7196.0,17.1,71.66666666666667,357.5,6.2,10.0,-10.0,16.9,13,35.8,34,46,34,95
32399,52,1,5000.0,0.92,78.33333333333333,450.0,5.6,0.6,2.0,7.2,15,38.4,32,33,29,110
38051,74,0,320.0,9.0,85.0,137.54098360655738,10.1,1.8,3.4,6.2,7,36.4,35,41,37,75
36508,70,0,1330.0,4.17,53.333333333333336,363.33333333333337,11.6,2.0,-0.9,7.5,15,37.0,32,29,35,150
83523,71,1,3427.0,3.35,53.333333333333336,183.0,5.7,5.5,-2.9,8.5,16,36.0,32,36,0,200
44180,51,0,60261.0,6.76,56.666666666666664,174.0,6.8,5.4,0.7,14.0,15,36.2,39,36,39,90
65533,69,0,113.0,0.49,56.666666666666664,257.0,7.1,6.0,-12.5,17.9,15,36.1,33,41,40,125
52149,50,0,37.7,0.72,103.33333333333333,194.49999999999997,9.5,1.1,-1.3,6.8,11,36.0,30,32,36,60
2973,70,0,25.62,0.12,150.0,220.0,8.4,2.8,-3.9,10.4,4,36.4,32,34,35,80
18048,37,0,0.0,1.23,63.333333333333336,60.9,45.0,4.2,-14.9,15.8,14,36.3,28,39,40,95
32241,71,0,178.6,1.03,100.0,486.66666666666663,5.2,0.4,0.2,17.2,11,36.2,41,35,0,95
60029,71,1,0.0,29.5,86.66666666666667,303.2142857142857,6.5,1.4,-4.4,12.6,12,36.3,32,31,31,105
74452,63,1,1566.0,0.15,63.333333333333336,66.8,20.6,8.9,-14.9,14.6,12,36.2,28,0,0,110
74418,67,0,616.0,1.45,110.0,147.2,9.6,1.3,-5.1,10.5,14,35.8,31,31,34,110
52395,63,0,2030.0,26.2,75.0,1785.0,8.5,8.9,-10.8,17.0,12,36.4,33,36,33,105
54786,51,0,110.0,6.49,80.0,452.5,32.0,2.3,-23.4,28.2,5,36.4,32,38,42,110
40027,44,1,302.0,0.59,116.66666666666667,94.0,7.6,1.2,1.0,9.0,7,36.5,34,34,31,110
73338,62,1,78.23,1.72,140.0,256.6666666666667,15.2,2.0,-0.9,9.2,14,35.8,34,27,27,90
62299,77,0,19.32,1.85,71.66666666666667,101.88235294117646,18.5,2.5,4.4,8.8,13,36.7,38,34,37,120
74428,69,0,14.19,1.64,50.0,84.5,11.9,1.0,-3.3,9.7,12,36.2,34,31,34,75
67073,45,1,1959.0,7.18,80.0,136.0,5.9,1.1,-4.9,8.1,19,36.5,29,38,38,90
49722,38,0,5848.0,2.59,80.0,466.6666666666667,5.3,1.8,-8.0,6.0,0,36.8,22,25,30,105
89670,62,0,0.0,0.0,100.0,568.5714285714286,12.2,1.4,-3.5,5.3,9,35.4,27,30,0,60
66698,68,0,0.0,0.17,53.333333333333336,118.8,6.3,0.9,-0.5,7.6,6,36.1,31,33,32,75
39308,69,1,520.0,3.82,55.0,216.49999999999997,5.3,0.7,4.1,6.6,11,36.0,37,38,42,80
57270,43,0,177.0,0.31,100.0,0.0,5.6,1.5,-4.5,15.1,0,36.2,35,33,35,95
88018,52,0,96.9,0.7,61.666666666666664,766.6666666666667,10.5,6.3,-3.2,12.9,8,35.8,34,39,39,95
15600,47,0,0.0,0.82,63.333333333333336,113.24999999999999,7.7,1.1,-1.1,14.7,12,40.0,39,36,32,135
55118,62,0,340.0,0.98,63.333333333333336,1002.5,8.9,1.7,-6.0,10.3,5,36.2,32,28,31,90
12448,79,1,84666.0,9.54,93.33333333333333,231.0,3.6,8.0,-7.3,11.9,15,37.2,30,0,0,110
56927,80,0,1129.0,8.83,73.33333333333333,106.22222222222221,7.3,2.2,-7.9,14.2,11,36.2,30,32,34,90
78473,65,1,116.9,1.31,71.66666666666667,89.74999999999999,7.5,1.4,-3.7,10.5,8,36.7,29,30,29,80
77383,66,1,38.13,1.62,46.666666666666664,78.2,11.8,4.2,-7.6,7.2,13,36.0,25,25,30,135
37996,58,1,0.0,0.49,53.333333333333336,185.71428571428572,17.1,23.0,-22.8,30.8,21,36.1,38,0,0,125
60708,45,0,72.5,3.68,123.33333333333333,114.4,6.7,1.0,-8.6,9.8,5,35.9,25,26,31,100
70758,43,1,1273.0,118.85,26.666666666666668,102.0,8.8,2.1,-2.6,8.2,13,36.0,33,32,40,80
94666,75,1,0.0,0.0,63.333333333333336,209.33333333333334,3.9,3.1,-12.0,9.8,0,36.7,26,25,0,120
68819,76,1,33.73,0.89,76.66666666666667,120.0,11.2,1.5,-7.0,8.3,6,36.7,28,29,28,100
40615,28,0,0.0,13.19,73.33333333333333,0.0,3.8,0.9,-3.4,9.5,0,36.2,30,30,0,125
9882,72,1,0.0,1.35,83.33333333333333,230.0,6.2,5.0,-6.1,13.7,13,37.5,33,32,32,125
48568,72,1,0.0,2.58,63.333333333333336,59.4,11.0,3.2,-2.8,16.8,13,36.0,38,37,39,70
75395,72,1,4315.0,7.57,63.333333333333336,369.0,5.5,5.9,-6.9,13.5,14,36.0,35,0,0,75
42414,66,1,0.0,0.02,96.66666666666667,287.0,12.5,6.4,-8.8,15.9,8,36.1,32,34,38,60
29139,64,1,610.0,1.67,91.66666666666667,152.4,4.6,0.9,-7.4,11.6,19,36.6,31,33,39,105
85738,32,0,26.6,0.78,76.66666666666667,146.0,5.5,0.8,-10.2,9.3,11,36.6,25,21,25,85
76862,63,0,300.4,0.12,103.33333333333333,94.9,7.4,1.2,-0.6,7.3,4,38.2,31,32,28,90
67891,75,1,0.0,5.1,80.0,0.0,24.3,4.6,-3.8,13.6,0,36.6,34,31,0,40
4984,64,1,151844.0,17.9,60.0,0.0,4.2,18.0,-19.5,25.6,0,36.2,33,28,0,100
59064,39,0,2878.0,5.05,80.0,76.2,14.4,8.1,-14.2,17.9,16,36.0,31,30,32,75
66608,73,0,73.2,0.51,95.0,206.0,14.4,2.8,-2.6,6.5,12,36.3,30,30,35,70
61812,71,1,104.6,0.19,83.33333333333333,60.77777777777778,9.7,2.6,3.7,8.3,2,36.7,35,37,33,75
74458,62,0,1137.0,0.25,66.66666666666667,67.9,9.1,1.9,-5.8,6.7,5,38.0,30,28,28,130
13353,68,0,60.63,2.46,86.66666666666667,281.5151515151515,5.0,0.5,-4.0,8.3,8,36.8,29,29,30,80
23617,63,1,6251.0,2.39,26.666666666666668,109.0,9.1,9.6,-19.6,16.5,14,35.8,24,0,0,160
72411,63,1,2071.0,0.88,63.333333333333336,166.66666666666669,7.2,6.1,-3.3,8.2,15,36.0,31,31,34,55
18516,68,0,0.0,0.09,80.0,290.0,8.3,1.2,8.1,5.7,11,36.2,40,45,48,80
10977,76,1,0.0,2.56,63.333333333333336,200.0,17.2,10.8,-16.4,15.5,0,36.0,28,24,0,90
16439,59,1,342.3,1.61,70.0,101.0,8.5,1.6,4.2,5.0,10,36.3,36,34,39,115
18320,28,0,12437.0,15.5,61.666666666666664,253.00000000000003,5.1,10.6,-17.0,25.1,14,36.5,34,30,29,115
30833,69,1,516.0,0.92,23.333333333333332,606.0,12.5,13.4,-21.8,21.9,12,35.8,30,0,0,120
49962,51,1,906.0,1.0,83.33333333333333,515.0,3.7,9.7,-16.3,19.2,11,36.2,30,34,40,105
952,59,0,0.0,0.41,76.66666666666667,262.2857142857143,9.8,1.4,2.3,12.9,12,36.5,41,41,41,85
13778,28,0,0.0,0.58,70.0,425.3333333333333,10.0,1.2,-2.5,10.0,8,36.0,32,35,35,105
2814,24,0,427.9,1.07,40.0,374.28571428571433,19.0,8.6,-9.4,12.3,9,35.8,30,37,37,45
51,58,0,1688.0,4.41,50.0,96.0,7.2,2.1,-11.2,8.5,15,36.2,22,33,35,110
10711,60,0,75.67,0.61,123.33333333333333,159.49999999999997,9.1,1.1,-3.1,8.5,7,36.3,32,31,33,105
4249,59,1,1628.0,4.09,81.66666666666667,336.1904761904762,7.0,4.1,-9.7,5.8,10,36.0,20,26,0,95
77079,75,0,677.0,1.09,73.33333333333333,193.55555555555554,8.3,1.2,-2.8,14.5,11,36.6,38,38,37,95
40792,37,0,9.77,4.2,80.0,133.4,5.2,0.6,1.3,11.3,13,37.1,39,41,42,75
8322,43,0,0.0,0.07,123.33333333333333,392.5,5.6,1.1,-11.3,12.0,5,36.3,26,31,34,105
78992,70,1,15227.0,4.87,76.66666666666667,164.5,5.2,8.7,4.2,15.3,16,36.6,35,40,35,90
72470,76,0,424.0,0.45,33.333333333333336,309.3333333333333,11.7,3.9,-2.9,2.1,9,36.5,28,37,42,70
56353,39,1,39.7,0.72,76.66666666666667,101.33333333333333,8.1,1.9,1.6,7.7,3,37.8,34,34,33,130
80845,77,1,0.0,0.0,90.0,255.0,7.4,1.0,1.7,7.2,7,36.0,33,32,30,65
40252,77,1,91.1,0.87,60.0,422.8571428571429,11.2,2.6,-3.7,7.8,13,36.0,30,32,34,65
6251,59,1,6915.0,20.9,66.66666666666667,175.0,13.3,2.5,-9.5,17.0,0,36.3,34,35,0,120
69150,57,0,0.0,100.0,63.333333333333336,0.0,9.0,10.9,-12.9,17.4,0,36.0,29,36,33,70
35116,70,0,17926.0,6.38,103.33333333333333,255.33333333333331,6.9,6.0,-10.2,16.2,18,36.8,32,35,36,120
81061,59,0,99.4,2.66,63.333333333333336,191.99999999999997,8.9,0.8,1.3,14.5,12,36.2,41,34,32,50
42510,37,0,33953.0,5.68,70.0,392.8571428571429,7.4,3.8,-5.5,11.7,13,38.6,32,33,35,110
10786,67,0,53.89,0.76,76.66666666666667,216.66666666666669,7.4,1.3,-0.7,4.1,11,36.4,28,33,34,80
57487,65,1,313523.0,28.7,35.0,184.0,4.3,23.0,-23.9,27.9,18,36.4,35,34,41,150
69266,52,1,63.65,4.8,86.66666666666667,65.7,14.1,1.3,-10.5,15.9,15,36.3,32,32,29,55
30749,27,0,755.0,0.73,73.33333333333333,327.5,5.2,0.5,-4.2,9.3,5,36.2,31,28,29,85
51079,73,0,12876.0,7.44,63.333333333333336,124.0,9.4,2.5,-1.2,7.8,14,36.2,33,32,37,110
47524,23,1,966.0,2.66,136.66666666666666,0.0,9.2,1.6,-4.9,10.0,0,39.5,29,30,34,130
74544,72,0,0.0,1.06,26.666666666666668,195.0,13.1,4.5,-8.2,13.9,11,36.4,31,37,35,70
38160,60,1,1468.0,0.19,73.33333333333333,200.0,11.0,4.1,-3.4,9.9,11,36.3,33,35,33,81
41282,69,0,61021.0,100.0,70.0,536.6666666666667,4.4,7.1,-12.4,16.5,12,36.4,31,33,34,110
27207,50,0,675.0,5.44,86.66666666666667,135.0,17.3,1.9,-4.6,11.8,12,36.1,31,34,31,80
25415,29,0,13.7,0.62,101.66666666666667,176.0,4.7,1.5,-13.0,12.0,9,36.2,24,25,26,100
50349,41,1,115.0,1.04,83.33333333333333,213.84615384615384,6.2,5.0,-7.7,12.5,12,36.4,33,31,28,110
76238,62,1,772.0,4.36,66.66666666666667,298.6666666666667,6.5,24.0,-13.5,26.3,16,35.1,40,39,42,115
44234,77,1,2607.0,10.6,93.33333333333333,191.42857142857144,6.8,1.7,-1.1,10.0,14,36.4,33,36,36,80
21513,61,1,28.18,1.69,96.66666666666667,111.125,14.2,1.9,-8.0,8.8,13,36.2,29,31,35,110
16904,88,1,0.0,0.24,60.0,139.16666666666669,8.6,1.1,-2.1,15.3,10,36.2,39,35,34,90
7487,34,0,93781.0,100.0,53.333333333333336,680.0,7.1,14.3,-17.0,20.4,13,36.1,32,40,37,90
73624,25,0,1094.0,1.14,83.33333333333333,506.6666666666667,7.2,1.2,2.7,6.5,6,37.3,34,29,32,90
17353,66,1,997.0,0.71,90.0,93.625,8.9,2.6,-0.5,12.6,12,36.4,35,34,33,130
8689,66,0,208.0,0.4,110.0,72.4,12.4,2.9,1.1,11.9,8,36.1,39,37,39,60
62973,63,1,215898.0,21.5,95.0,201.75,5.4,5.3,-6.9,13.3,12,36.2,32,31,35,105
53079,23,1,71.7,0.14,78.33333333333333,159.09090909090907,9.3,3.6,-10.6,13.8,12,36.0,31,32,33,100
44983,54,1,62.1,0.67,55.0,346.6666666666667,12.0,1.4,-1.6,7.3,11,36.2,30,34,35,95
9929,56,0,202.6,0.38,76.66666666666667,172.0,14.0,1.1,-11.1,8.6,10,37.2,23,30,30,95
40409,75,1,47.9,0.14,58.333333333333336,516.6666666666667,7.2,1.0,3.1,10.3,7,35.8,37,30,36,65
28767,51,0,76.8,7.61,56.666666666666664,660.0,7.9,3.4,-0.8,10.9,12,35.8,33,34,32,75
44331,90,1,24944.0,11.7,73.33333333333333,128.83333333333334,6.4,5.4,-11.3,18.2,14,36.2,33,24,0,120
15847,92,1,0.0,2.59,96.66666666666667,228.0,7.1,1.0,-0.9,11.2,9,35.7,33,31,32,55
28008,75,1,1037.0,0.61,86.66666666666667,453.33333333333337,9.2,13.5,-15.3,20.7,14,35.7,33,30,0,70
18036,34,0,0.0,0.23,90.0,397.14285714285717,9.7,1.4,-1.2,9.0,8,36.3,33,34,40,90
80969,48,0,29.4,0.8,63.333333333333336,593.3333333333334,8.6,3.1,1.0,11.0,5,36.2,39,40,41,75
29945,34,0,52.2,0.26,55.0,497.14285714285717,11.7,5.0,-6.7,13.5,7,36.1,33,32,36,70
478,19,0,113052.0,5.08,76.66666666666667,185.0,2.1,9.7,-12.0,16.0,12,36.8,29,33,33,130
27223,39,0,481.0,0.37,90.0,685.7142857142858,11.4,2.1,-5.1,11.1,7,36.5,33,37,37,80
3919,59,0,71.92,0.61,60.0,61.9,10.9,2.4,-4.2,9.6,11,37.0,31,34,38,100
70770,35,0,69.6,1.2,90.0,226.25,5.7,0.5,4.9,12.1,11,37.2,41,35,36,95
59015,69,1,2797.0,8.15,103.33333333333333,445.0,6.5,7.1,-11.8,13.2,11,36.4,29,34,37,85
12637,54,0,0.0,6.44,100.0,225.5,12.3,0.6,-6.9,16.1,7,36.4,34,36,0,90
13215,77,0,0.0,2.32,81.66666666666667,609.5238095238095,9.9,2.1,3.9,11.2,8,37.0,38,29,31,160
66564,62,0,0.0,0.14,33.333333333333336,373.33333333333337,12.6,1.3,-2.7,11.9,10,36.0,35,36,34,100
8814,67,1,0.0,0.03,86.66666666666667,376.6666666666667,9.3,1.0,-9.9,14.9,8,35.9,31,31,34,75
66548,64,1,0.0,24.1,26.666666666666668,90.1,14.6,5.9,-10.3,16.1,14,35.6,34,32,35,90
7820,61,0,5719.0,0.56,88.33333333333333,244.75,9.1,4.1,16.4,9.0,13,36.1,25,37,31,90
43132,62,0,3021.0,14.3,63.333333333333336,204.6153846153846,4.1,14.1,-14.7,21.5,14,36.8,34,36,34,150
9507,80,0,0.0,0.71,76.66666666666667,800.0,8.4,2.0,-1.8,11.2,7,36.2,33,32,35,65
46175,37,0,0.0,0.27,101.66666666666667,664.0,6.8,0.6,-5.0,12.1,8,36.5,31,32,32,65
39597,78,0,0.0,11.0,110.0,282.0,10.6,2.3,-6.0,0.0,0,37.7,29,30,31,105
28827,74,0,36.5,5.41,86.66666666666667,181.66666666666669,7.0,1.1,3.6,10.8,10,36.3,39,30,40,75
46917,51,1,0.0,0.0,103.33333333333333,633.3333333333334,7.6,2.9,-10.7,14.7,0,35.9,29,29,0,90
26683,52,0,0.0,0.19,66.66666666666667,244.0,8.6,2.9,-5.9,12.8,9,36.4,32,31,34,100
88085,81,1,0.0,81.7,53.333333333333336,73.4,5.2,11.0,-17.9,13.5,17,35.8,24,34,0,140
35784,57,0,911.0,0.27,43.333333333333336,498.0,11.9,8.1,-19.4,19.7,10,35.6,28,35,31,120
43454,68,0,127.0,97.3,80.0,242.49999999999997,5.4,1.8,-10.2,8.8,10,36.5,23,30,33,100
62628,69,0,140.0,5.58,66.66666666666667,243.8461538461538,4.3,0.6,-6.2,8.7,9,36.5,28,28,30,105
87521,69,0,0.0,0.11,121.66666666666667,184.25,8.4,1.7,1.2,7.0,7,36.7,33,39,45,75
64679,61,0,168.0,0.91,43.333333333333336,184.8,3.1,9.7,-15.7,19.6,15,36.0,33,31,33,115
70723,37,1,889.0,0.34,40.0,326.0,10.4,10.4,-16.2,18.8,16,35.8,32,33,32,100
51678,53,1,883.0,2.14,81.66666666666667,52.8,8.0,1.1,-9.7,14.3,11,36.8,31,37,41,90
1936,82,1,0.0,2.61,88.33333333333333,92.83783783783784,4.4,2.5,15.2,11.9,10,36.4,23,30,0,150
70492,52,0,75.97,0.69,76.66666666666667,102.55319148936171,10.8,2.4,-2.1,9.7,15,38.0,31,30,29,140
4230,40,0,14.74,0.03,86.66666666666667,420.0,7.4,0.9,-0.5,12.5,4,36.5,36,33,33,85
31837,59,0,344.8,4.09,108.33333333333333,54.639175257731964,5.8,1.0,-8.0,11.9,5,36.6,27,27,31,85
78142,81,1,17766.0,20.4,50.0,182.25,8.0,3.8,1.3,6.3,12,0.0,32,0,0,90
46856,72,1,0.0,0.0,53.333333333333336,115.46666666666665,3.8,13.6,-16.6,18.2,0,36.1,32,0,0,105
47599,67,0,13.3,0.05,100.0,121.99999999999999,8.9,0.8,-3.7,9.5,11,36.6,32,30,0,110
27516,41,1,0.0,0.07,91.66666666666667,275.0,5.2,0.9,2.4,7.6,10,36.2,34,35,40,120
47847,68,0,983.0,2.23,33.333333333333336,83.71428571428572,7.2,2.8,-1.6,11.7,10,36.5,35,38,42,40
27406,63,0,445.0,8.21,66.66666666666667,76.66666666666667,7.5,3.3,1.2,8.1,12,35.9,33,35,37,75
31313,37,0,4823.0,1.32,60.0,256.0,5.6,14.6,-18.5,20.6,10,35.8,32,31,36,80
29867,70,1,28179.0,19.2,93.33333333333333,84.9,7.4,5.5,-10.1,18.6,17,35.8,38,0,0,60
36305,72,0,14.2,0.53,93.33333333333333,181.75,9.4,2.0,-2.3,8.6,0,34.1,34,28,39,70
65912,78,1,0.0,2.66,76.66666666666667,82.6,8.8,1.3,4.2,7.2,8,36.6,34,32,30,90
87275,46,1,0.0,0.13,13.333333333333334,417.0,8.1,15.0,-20.8,22.9,15,35.9,30,35,0,100
40957,63,0,4164.0,41.5,76.66666666666667,220.9375,11.2,2.7,-5.7,13.4,12,36.5,31,30,31,100
55292,81,1,13199.0,9.36,40.0,298.0,11.9,12.1,-14.5,25.0,12,36.2,38,46,0,120
4312,65,0,1517.0,13.44,53.333333333333336,58.0,11.4,1.7,3.8,11.0,15,40.2,40,42,38,95
3875,86,1,0.0,21.42,61.666666666666664,75.75757575757576,9.1,21.0,8.0,26.8,14,37.3,36,31,0,105
63174,75,0,287.7,0.24,78.33333333333333,223.75,6.5,2.0,-0.6,6.9,7,36.6,33,31,35,130
4309,76,1,0.0,0.53,36.666666666666664,128.0,17.7,9.9,-15.8,12.4,14,36.4,25,31,32,160
83467,33,0,29.5,1.36,103.33333333333333,72.6,12.0,4.5,-8.0,11.6,12,36.6,32,35,47,120
9628,73,1,231.4,24.19,70.0,465.0,10.8,2.2,-7.7,9.7,4,36.0,27,33,32,87
12085,76,1,270.0,0.24,80.0,47.5,10.7,5.2,-9.9,13.6,12,36.6,31,34,34,70
61008,30,1,0.0,31.8,40.0,317.14285714285717,10.8,11.0,-7.3,24.0,17,36.1,41,39,33,75
30805,59,1,6026.0,1.67,96.66666666666667,64.1,6.9,5.1,-1.3,10.6,22,36.2,35,0,0,90
70421,70,0,53.4,5.74,63.333333333333336,332.5,9.3,1.0,-0.1,11.0,10,36.5,34,36,36,75
94650,42,0,0.0,0.29,30.0,490.4761904761905,11.0,2.7,-8.3,14.2,9,36.6,31,34,32,100
75768,71,0,385.8,0.82,63.333333333333336,38.9,5.9,1.8,2.0,8.1,11,36.2,35,35,35,65
41168,73,1,1128.0,2.85,106.66666666666667,122.0,5.5,11.8,-15.8,24.0,17,36.3,36,30,35,120
13003,61,0,17.4,13.2,56.666666666666664,220.85714285714286,11.3,1.3,0.2,9.7,10,36.2,35,37,39,60
38621,66,1,173.0,3.86,88.33333333333333,218.0,14.7,5.9,-10.7,14.1,10,36.1,29,29,37,100
65186,47,1,128.0,0.98,50.0,459.0476190476191,6.9,1.9,-5.2,11.1,9,36.0,30,31,33,80
67424,71,0,27868.0,57.6,73.33333333333333,104.71428571428572,5.5,5.9,-6.9,18.0,15,36.1,38,38,37,95
4370,68,1,1447.0,22.72,70.0,976.1904761904763,7.3,1.6,-2.9,14.7,7,36.6,36,31,32,90
45702,30,0,76.2,7.88,110.0,145.8,6.0,1.6,3.4,7.2,11,36.1,35,40,42,95
45063,65,1,0.0,1.43,53.333333333333336,165.83333333333334,25.0,2.3,-1.7,19.0,15,39.0,42,30,34,95
46407,85,1,46.9,0.12,85.0,370.0,8.6,0.7,-6.8,9.9,10,36.0,28,27,31,40
49518,75,0,114.0,1.41,83.33333333333333,243.33333333333334,7.7,1.7,1.0,8.0,8,36.6,32,34,36,105
80733,38,0,0.0,11.95,60.0,438.57142857142856,4.0,1.1,-5.2,7.3,9,36.1,27,29,33,97
21716,65,1,0.0,6.63,86.66666666666667,271.42857142857144,11.5,2.3,-9.6,7.8,20,35.9,25,32,33,120
71827,65,1,120.0,5.65,83.33333333333333,297.6,7.0,1.0,-5.0,11.4,11,36.0,30,32,34,90
82433,68,1,0.0,0.31,68.0,166.66666666666669,5.6,17.0,-20.1,25.3,14,36.9,34,0,0,53
67829,82,1,15321.0,82.1,83.33333333333333,244.0,5.5,3.4,-4.4,10.1,16,36.1,29,27,30,100
9913,74,1,0.0,13.8,53.333333333333336,120.28571428571429,8.2,1.3,-1.1,13.1,13,36.2,36,33,34,120
22789,79,1,0.0,4.64,38.333333333333336,106.00000000000001,5.8,19.0,-19.8,33.8,17,38.0,44,0,0,130
27080,66,0,11090.0,0.4,50.0,181.66666666666669,7.9,2.1,-4.0,0.0,10,36.2,34,29,32,65
33933,73,1,2294.0,36.2,43.333333333333336,92.7,2.1,12.3,-13.0,18.1,18,35.8,33,30,34,100
4197,59,0,0.0,3.2,116.66666666666667,396.1904761904762,5.6,1.1,-5.9,7.6,5,36.8,25,30,31,80
10061,56,0,21872.0,10.2,46.666666666666664,107.28571428571428,26.0,1.2,-17.4,21.0,13,35.9,31,29,33,70
17626,81,1,0.0,145.48,43.333333333333336,315.0,4.9,3.4,-8.2,9.9,13,35.7,29,37,0,100
65813,48,0,42.66,16.83,86.66666666666667,190.0,6.7,1.0,-0.4,10.9,7,36.1,34,32,30,110
53349,18,0,236.0,3.06,66.66666666666667,240.57142857142858,6.6,0.8,-2.0,9.9,12,36.0,33,32,35,90
81705,68,1,18.0,1.99,93.33333333333333,122.14285714285715,13.2,5.8,-1.5,10.1,11,36.0,34,31,28,55
92315,61,0,10238.0,31.9,80.0,197.4,6.5,2.2,-2.3,19.3,13,38.8,43,42,48,120
73221,47,0,47.0,0.59,23.333333333333332,207.14285714285717,12.7,1.6,-2.8,7.1,10,35.8,29,32,37,110
72977,32,0,181.0,79.7,56.666666666666664,270.0,5.7,0.8,-8.6,11.2,19,35.8,27,28,30,80
43936,25,0,67.2,0.06,123.33333333333333,524.0,5.4,1.0,-3.2,10.1,7,36.1,34,31,0,140
50793,80,1,143.0,1.49,70.0,525.0,8.1,5.3,-10.6,16.1,10,36.4,32,32,32,80
22938,36,1,0.0,0.3,50.0,129.0,6.7,1.6,-1.9,21.1,12,36.0,43,40,34,110
22585,68,0,1.5,0.02,61.666666666666664,716.6666666666667,6.9,0.9,-1.5,10.2,4,37.0,33,38,39,65
2921,85,1,0.0,11.04,76.66666666666667,93.85714285714286,6.3,2.2,20.3,13.6,22,36.0,36,29,29,140
13960,61,0,27.1,7.3,76.66666666666667,906.0,37.0,5.0,-6.9,15.3,8,38.1,34,35,35,120
75216,68,0,168554.0,35.7,50.0,0.0,4.5,10.1,-12.0,15.8,0,36.2,28,36,36,110
2208,64,0,0.0,0.38,85.0,208.5,8.8,0.8,3.1,8.4,11,36.4,36,37,34,85
68609,80,0,47983.0,0.69,73.33333333333333,310.0,7.3,20.0,-16.3,24.5,16,36.0,36,0,0,105
63464,46,0,1549.0,2.79,90.0,69.42528735632183,6.0,1.1,-1.4,9.1,5,37.0,31,33,32,100
69072,80,0,153.5,0.02,73.33333333333333,49.78947368421053,7.1,1.1,4.2,6.8,2,36.6,34,32,29,90
19905,55,1,1255.0,0.22,30.0,352.0,5.4,5.0,-1.1,3.8,10,35.6,28,30,40,110
49553,73,1,77.89,0.09,80.0,62.142857142857146,8.5,1.3,-2.4,15.0,7,36.7,36,36,32,95
81070,78,1,402.0,5.64,66.66666666666667,586.0,9.5,2.3,-8.4,16.8,11,36.4,34,34,0,150
76718,84,1,0.0,1.18,36.666666666666664,630.0,15.2,8.0,-7.4,13.8,10,36.0,32,0,0,160
54070,43,0,0.0,0.19,76.66666666666667,653.3333333333334,6.0,0.9,-0.7,8.2,5,37.0,33,34,32,100
44,64,0,11.26,1.28,111.66666666666667,73.1111111111111,27.0,1.1,6.8,9.3,11,36.3,41,40,42,130
6476,56,0,15.61,0.55,56.666666666666664,212.66666666666666,11.9,0.7,4.4,10.0,10,35.7,46,38,44,55
70450,60,0,63486.0,1.37,53.333333333333336,178.75,2.4,19.0,-21.8,21.1,11,36.4,27,35,37,115
5987,59,0,0.0,9.1,86.66666666666667,217.0,5.5,0.7,2.5,7.7,8,36.5,34,37,39,95
72763,59,0,87.86,1.82,80.0,79.0,9.9,1.5,-1.9,12.6,14,36.1,37,33,33,70
51961,70,0,0.0,0.84,56.666666666666664,227.58620689655174,7.2,7.8,-5.5,12.2,15,38.8,29,32,31,150
77948,57,0,514.0,12.4,81.66666666666667,295.0,6.1,2.9,-10.4,12.5,13,36.8,27,28,28,95
71981,73,1,1207.0,31.0,36.666666666666664,159.0,19.1,2.7,-11.3,19.7,15,35.6,34,30,31,100
52671,70,1,1499.0,1.26,66.66666666666667,124.83333333333334,5.3,6.0,-6.4,13.2,12,37.2,33,28,40,100
44304,76,1,360.0,2.0,46.666666666666664,79.875,6.4,1.2,-6.0,13.9,13,36.4,32,36,40,105
24478,34,0,0.0,0.1,113.33333333333333,557.5,5.7,1.6,-6.8,12.3,4,36.0,31,31,38,80
45739,81,1,3668.0,8.03,36.666666666666664,219.33333333333334,9.5,3.3,-7.1,12.5,12,26.2,31,0,0,105
28259,69,1,124854.0,42.9,66.66666666666667,88.8,1.8,7.3,-11.3,14.0,16,35.8,31,30,0,73
38781,84,1,3040.0,4.45,95.0,250.0,6.7,2.5,-7.7,10.5,14,36.3,29,30,32,115
25523,79,0,6973.0,3.26,70.0,158.16666666666669,4.7,2.3,-8.1,9.9,10,35.6,28,28,35,75
28112,66,0,517.0,0.16,56.666666666666664,427.5,10.1,2.0,-5.1,12.4,8,35.8,32,27,33,70
11007,68,0,48.58,0.28,50.0,71.3,22.2,4.8,-3.8,15.1,9,36.2,37,33,38,70
53827,76,1,0.0,1.02,96.66666666666667,490.0,16.3,7.0,-9.5,16.8,5,36.6,36,38,35,80
80837,72,1,113.0,0.0,76.66666666666667,51.4,9.0,1.2,-2.5,6.3,0,36.3,29,0,0,65
7344,69,0,317.0,41.8,91.66666666666667,272.5,8.2,0.8,-1.3,15.8,15,36.0,39,38,37,65
33600,39,0,181.0,1.87,73.33333333333333,296.0,8.0,2.7,-9.1,8.9,11,36.6,26,29,0,105
26690,19,0,158.0,0.26,103.33333333333333,136.6,8.8,1.2,-4.4,12.1,11,36.0,33,34,31,90
5999,40,1,157.0,89.1,60.0,129.83333333333334,3.6,9.9,-21.6,15.2,16,36.5,26,36,38,105
45231,40,0,847.0,1.52,90.0,263.33333333333337,8.6,1.9,-4.7,2.7,11,35.0,23,30,33,170
41186,78,0,174.6,0.72,93.33333333333333,199.4,7.4,1.6,1.2,14.3,12,36.7,40,35,31,110
29440,31,0,205.0,13.6,73.33333333333333,221.0,1.2,4.4,-1.0,11.5,11,35.9,36,35,38,75
24490,46,1,412.0,0.78,73.33333333333333,159.0,6.6,6.8,-13.5,14.3,19,36.6,29,29,28,100
46889,64,0,0.0,0.21,81.66666666666667,272.33333333333337,8.8,1.0,-1.4,9.4,10,36.4,32,33,37,85
13738,72,1,522.8,3.05,63.333333333333336,435.18518518518516,13.2,8.5,-24.1,16.1,12,36.1,23,30,0,80
5186,55,1,31.0,0.8,73.33333333333333,1063.3333333333335,8.9,1.3,0.6,8.4,7,36.4,34,29,37,50
29114,56,1,33.4,0.07,73.33333333333333,126.0,7.0,1.0,15.5,0.5,6,36.0,42,36,40,60
1521,85,1,8591.0,16.6,113.33333333333333,200.0,3.7,6.2,-7.0,22.6,11,36.4,42,34,31,90
76226,75,1,0.0,0.0,70.0,209.75,6.0,5.1,-1.2,11.3,0,35.8,36,34,0,120
41141,68,0,37.4,4.89,76.66666666666667,431.42857142857144,7.8,1.3,2.0,9.3,6,36.2,35,34,42,90
10305,81,0,49.5,5.55,40.0,104.83333333333333,11.4,2.0,-5.8,10.5,10,36.2,32,30,32,55
42056,35,0,65.7,0.04,86.66666666666667,357.5,10.9,2.4,5.5,8.8,8,37.7,37,39,39,95
8593,75,1,128.8,0.57,70.0,76.7,22.7,1.7,-12.3,16.5,10,0.0,32,27,0,80
57361,82,1,54288.0,4.58,46.666666666666664,155.71428571428572,7.8,17.0,-22.3,24.1,16,36.1,31,41,0,170
12734,65,0,6.29,0.25,63.333333333333336,84.6,10.0,1.6,-4.3,10.5,12,35.8,34,34,35,85
35136,26,0,115.0,0.94,90.0,503.33333333333337,8.3,3.3,-0.9,7.2,8,36.4,31,36,38,95
47971,49,1,115.0,3.73,100.0,0.0,5.3,2.4,-4.1,3.8,9,36.2,24,28,32,140
2340,66,0,253.0,1.38,66.66666666666667,286.0,12.0,6.1,-3.0,12.0,12,36.7,34,38,40,105
2213,50,0,200.8,10.77,70.0,334.7368421052632,45.0,5.5,10.4,32.7,14,36.2,41,37,28,125
16742,26,1,9451.0,3.9,100.0,526.6666666666666,13.3,6.5,-6.4,0.0,13,36.4,28,0,0,125
44718,33,1,147.0,0.94,86.66666666666667,182.25,6.7,1.6,-1.4,8.9,10,36.4,32,39,41,95
45983,63,0,285.0,3.34,86.66666666666667,73.0,9.4,2.5,-11.1,16.6,13,36.8,31,34,35,140
76052,69,0,0.0,1.9,80.0,591.4285714285714,11.5,3.0,-5.8,8.0,8,35.6,28,30,0,60
45455,93,1,0.0,0.04,83.33333333333333,65.46666666666667,16.7,4.2,-10.0,13.0,2,36.5,27,32,34,80
39698,79,0,19117.0,94.5,60.0,650.0,7.3,1.6,-2.6,15.1,9,36.0,36,35,0,85
99619,65,0,88.2,3.2,60.0,275.0,11.3,3.2,-7.1,9.2,13,36.2,27,35,36,110
59119,38,0,184.0,0.17,103.33333333333333,290.0,5.7,2.2,-9.1,16.8,7,36.6,33,38,36,120
5571,56,1,589.0,34.3,66.66666666666667,26.666666666666668,5.7,17.0,-14.4,18.5,16,36.0,31,32,0,150
7356,71,1,0.0,46.32,75.0,146.31578947368422,4.2,7.2,-17.2,10.3,12,36.6,19,0,0,120
38550,70,0,14.6,98.6,76.66666666666667,232.66666666666666,26.0,7.0,-10.8,16.2,12,39.0,31,39,34,92
8927,30,1,0.0,94.37,26.666666666666668,340.9090909090909,0.9,16.0,-26.3,21.9,19,0.0,27,0,0,115
67872,55,1,0.0,0.46,73.33333333333333,85.74999999999999,17.9,2.2,1.3,6.4,14,36.5,34,38,40,85
3726,57,1,0.0,38.53,48.333333333333336,100.0,3.2,3.9,-8.0,5.2,16,39.2,22,0,0,120
66444,52,1,43.66,60.76,106.66666666666667,57.7,12.0,7.6,-7.5,14.4,0,36.5,32,30,30,90
17798,64,0,57.48,1.35,43.333333333333336,113.24999999999999,5.6,2.1,0.0,5.6,9,36.2,29,28,31,70
2888,68,1,1158.0,4.78,86.66666666666667,102.0,9.8,3.4,-6.3,5.3,12,36.6,33,35,39,110
18145,72,1,0.0,10.19,40.0,174.44444444444443,19.2,20.0,-26.1,30.2,18,0.0,36,38,0,100
38658,81,0,22.1,1.05,53.333333333333336,205.0,8.1,1.7,0.1,11.2,12,36.0,35,35,37,80
59744,68,1,254.0,1.29,56.666666666666664,189.0,8.7,4.1,-1.7,16.0,11,36.5,37,0,0,200
21572,83,0,303.0,100.0,85.0,168.33333333333334,0.0,4.8,-7.7,0.0,14,35.2,31,36,32,115
39606,74,1,520.0,1.46,108.33333333333333,203.24999999999997,9.8,2.9,-9.2,7.0,15,35.5,23,26,28,142
75243,55,0,950.0,4.82,66.66666666666667,331.4285714285714,5.7,0.9,-6.1,11.4,8,36.0,30,31,32,95
71848,82,1,2556.0,3.8,80.0,276.0,5.8,2.7,-6.0,10.5,16,36.0,29,28,33,60
57296,56,0,262.0,0.61,106.66666666666667,75.75,9.3,8.4,-8.6,15.0,10,36.2,35,33,32,100
74118,53,1,0.0,3.86,80.0,302.5,5.1,6.1,-9.0,12.7,10,35.4,31,29,32,95
54056,67,1,92673.0,17.3,40.0,187.3015873015873,10.5,13.1,-16.0,19.6,12,36.0,31,39,39,140
79005,29,0,0.0,1.46,76.66666666666667,0.0,7.1,1.0,-3.2,11.5,0,36.2,34,33,33,85
73804,63,1,33.66,1.06,60.0,123.0,8.4,0.9,-4.7,9.4,10,36.2,32,33,38,120
3136,64,0,0.0,0.19,36.666666666666664,312.6666666666667,6.0,0.6,-3.7,8.1,8,35.9,29,35,37,40
38724,19,0,549703.0,100.0,46.666666666666664,583.3333333333334,5.9,6.4,-3.9,11.5,11,36.7,33,38,38,130
27149,62,0,73.8,5.89,60.0,385.0,11.0,7.4,-15.3,18.4,13,35.9,31,40,37,65
41151,55,1,0.0,1.16,60.0,253.71428571428572,8.1,0.9,-0.8,10.5,10,36.0,37,35,36,90
35035,81,1,70366.0,0.14,80.0,85.0,2.1,5.4,-11.7,14.4,16,36.3,30,26,0,85
6615,73,1,50000.0,43.04,90.0,138.8,12.8,10.5,-14.1,20.6,15,36.0,34,32,0,75
50325,43,1,332.0,1.6,90.0,0.0,10.0,3.4,-8.9,11.6,0,36.5,23,24,30,120
10342,56,1,0.0,20.1,55.0,172.5,16.4,6.6,-9.1,16.2,12,35.9,34,35,36,110
50813,77,0,165.0,0.55,86.66666666666667,72.6,17.3,1.5,-0.3,12.4,12,36.6,37,34,35,105
67218,70,0,202.7,0.23,30.0,65.1,6.3,1.7,0.3,8.2,14,36.3,33,31,38,95
51851,47,1,111.0,0.76,50.0,48.1,15.5,2.1,-5.5,13.2,13,36.1,34,36,38,85
630,70,0,0.0,0.83,48.333333333333336,266.0,7.6,10.1,9.4,22.2,15,36.2,29,29,37,100
14755,75,0,312.4,0.13,120.0,62.8,8.7,1.9,4.3,10.2,10,36.3,38,37,35,95
68792,72,1,518.0,1.51,50.0,375.0,13.2,2.9,-10.1,16.5,13,36.0,33,32,30,95
19068,85,0,0.0,3.51,63.333333333333336,0.0,4.0,2.2,-2.2,6.6,0,36.4,29,32,31,90
81779,71,0,51.7,0.51,70.0,312.5,6.5,0.6,-7.9,7.8,13,35.8,26,29,32,65
60129,46,1,17579.0,16.8,76.66666666666667,0.0,2.0,5.3,-6.1,13.0,0,36.6,32,35,36,110
54892,66,0,440.0,2.48,56.666666666666664,210.0,5.0,16.0,-20.0,21.0,9,36.9,28,33,31,115
60552,77,0,0.0,1.18,90.0,328.75,15.4,1.1,-5.4,14.8,11,36.7,37,36,34,130
6804,64,0,0.0,0.66,76.66666666666667,98.55555555555556,5.8,1.0,24.3,14.7,9,36.6,38,43,45,70
43580,69,0,74.7,38.7,96.66666666666667,231.11111111111111,10.4,0.9,-11.1,16.7,13,36.4,30,30,30,80
44074,38,0,0.0,1.09,90.0,295.0,7.3,1.0,-0.8,6.8,11,35.8,30,29,29,80
2155,56,1,0.0,63.13,39.333333333333336,673.3333333333334,14.0,27.0,-22.8,23.6,6,35.7,29,28,28,80
292,56,1,468.4,3.42,78.33333333333333,293.33333333333337,14.2,1.1,-19.4,14.9,15,36.5,25,34,33,105
83241,80,1,2356.0,79.7,56.666666666666664,85.8,12.5,5.3,-11.5,13.0,11,36.2,25,31,0,75
56452,34,0,336.0,10.7,76.66666666666667,199.42857142857144,5.9,1.9,-4.4,4.8,8,0.0,24,33,39,110
25036,44,0,92.3,2.86,93.33333333333333,213.61111111111114,10.4,3.6,-7.3,15.4,4,36.7,33,39,41,95
18250,67,1,13.73,0.13,76.66666666666667,162.85714285714286,7.1,1.0,-1.2,10.0,8,36.2,33,34,39,60
46316,85,0,0.0,0.95,70.0,94.66666666666667,13.8,3.1,-3.2,7.8,9,36.2,29,28,32,85
82143,79,1,0.0,1.69,70.0,120.0,8.1,3.3,-8.1,14.0,14,36.5,34,29,32,105
75397,72,1,390.0,3.59,63.333333333333336,578.0,15.2,2.7,-2.8,9.2,13,36.6,34,28,32,95
75683,42,0,719.0,0.47,95.0,613.3333333333334,13.9,1.5,-3.8,14.7,7,37.1,35,36,36,120
44679,78,0,21.9,22.2,70.0,343.75,10.3,3.4,-1.5,13.6,8,36.3,36,35,31,90
42881,88,1,0.0,2.84,93.33333333333333,217.0,10.6,4.0,-0.2,21.0,14,38.9,45,40,40,155
35093,60,0,516.0,100.0,63.333333333333336,0.0,19.8,3.1,-9.3,15.1,0,36.2,31,31,26,115
16198,47,0,0.0,1.37,61.666666666666664,180.0,8.2,3.2,-2.4,13.6,17,35.8,36,36,36,140
51160,77,1,0.0,0.54,73.33333333333333,75.5,9.2,2.1,-10.4,11.6,8,36.2,29,31,33,100
25747,53,1,0.0,0.68,30.0,711.4285714285714,11.1,9.8,-18.6,16.9,8,26.0,27,25,34,80
8790,64,1,508249.0,100.0,66.66666666666667,476.1904761904762,2.3,3.6,-9.0,13.6,11,36.9,30,32,0,90
67100,67,0,256.0,10.3,46.666666666666664,320.0,7.2,1.0,0.5,8.3,7,35.8,33,37,0,85
488,61,1,0.0,4.42,55.0,85.9,10.0,3.7,-6.4,13.5,15,35.8,33,34,34,80
31127,57,0,0.0,1.0,56.666666666666664,0.0,17.0,3.2,-1.3,9.5,0,35.8,35,35,0,70
2931,59,1,0.0,0.07,50.0,98.2,9.1,1.8,-10.8,7.3,12,36.1,24,27,24,75
42854,32,0,66.6,0.63,86.66666666666667,393.33333333333337,11.6,2.1,-2.9,9.7,10,36.0,32,34,34,120
5305,47,1,37.7,0.02,113.33333333333333,170.0,7.6,1.5,-2.9,12.9,11,36.0,37,36,37,85
